<?xml version="1.0" encoding="UTF-8" standalone="yes"?>
<addon id="script.module.xstream" name="xStream Scraper Helper" provider-name="michaz1988" version="0.0.1">
	<requires>
		<import addon="script.module.six" version="1.11.0"/>
		<import addon="script.module.requests"/>
		<import addon="plugin.video.xstream"/>
		<import addon="script.module.resolveurl" version="5.1.67"/>
	</requires>
	<extension point="xbmc.python.module" library="resources/modules" />
	<extension point="xbmc.addon.metadata">
		<assets>
			<icon>icon.png</icon>
			<fanart>fanart.jpg</fanart>
		</assets>
	</extension>
</addon>
