<?xml version="1.0" encoding="UTF-8"?>
<addon id="plugin.video.vavooto" name="VAVOO.TO" version="5.8.1" provider-name="kasi,michaz">
    <requires>
        <import addon="script.module.requests"/>
        <import addon="inputstream.ffmpegdirect" optional="true" /> 
        <import addon="script.module.resolveurl" optional="true" />
        <import addon="script.module.urlresolver" optional="true" />
        <!-- only for debug -->
        <import addon="script.module.pydevd" optional="true"/>
    </requires>
    <extension point="xbmc.python.pluginsource" library="main.py">
        <provides>video</provides>
    </extension>
    <extension point="xbmc.addon.metadata">
        <assets>
            <icon>icon.png</icon>
        </assets>
    </extension>
</addon>
