<?xml version="1.0" encoding="UTF-8" standalone="yes"?>
<addon id="script.module.xstream" name="xStream Scraper" provider-name="michaz1988" version="0.1.2.2">
	<requires>
        <import addon="script.module.requests"/>
        <import addon="script.module.six"/>
        <import addon="script.module.resolveurl"/>
        <import addon="plugin.video.xstream"/>
        <!-- for remote debug -->
        <import addon="script.module.pydevd" optional="true"/>
    </requires>
    <extension point="xbmc.python.pluginsource" library="main.py">
        <provides>video</provides>
    </extension>
    <extension point="xbmc.addon.metadata">
        <assets>
            <icon>icon.png</icon>
            <screenshot>icon.png</screenshot>
        </assets>
    </extension>
</addon>
